City_ID,City,Country,Date,Lat,Lng,Max Temp,Humidity,Cloudiness,Wind Speed
0,Mataura,NZ,2021-06-13 20:27:35,-46.1927,168.8643,51.22,99,100,3.22
1,Dunedin,NZ,2021-06-13 20:26:30,-45.8742,170.5036,52.81,96,100,7.94
2,Bereda,ES,2021-06-13 20:27:36,43.2686,-7.5406,69.55,100,94,4.05
3,Butaritari,KI,2021-06-13 20:27:36,3.0707,172.7902,81.61,76,100,5.7
4,Thompson,CA,2021-06-13 20:23:59,55.7435,-97.8558,55.56,71,75,10.36
5,Chanute,US,2021-06-13 20:27:37,37.6792,-95.4572,91.08,44,39,7.81
6,Puerto Escondido,MX,2021-06-13 20:27:37,15.85,-97.0667,85.03,51,90,4.61
7,Codrington,AU,2021-06-13 20:25:59,-38.2667,141.9667,48.58,78,100,5.55
8,Ribeira Grande,PT,2021-06-13 20:25:00,38.5167,-28.7,72.0,83,20,6.91
9,Bluff,NZ,2021-06-13 20:22:57,-46.6,168.3333,51.24,96,100,17.34
10,Jamestown,US,2021-06-13 20:24:45,42.097,-79.2353,80.29,72,10,9.26
11,Dongsheng,CN,2021-06-13 20:27:37,39.8161,109.9776,69.03,63,100,8.3
12,Hermanus,ZA,2021-06-13 20:22:55,-34.4187,19.2345,53.91,88,73,2.82
13,Barrow,US,2021-06-13 20:27:38,71.2906,-156.7887,35.62,87,90,13.8
14,Rikitea,PF,2021-06-13 20:27:38,-23.1203,-134.9692,74.98,76,75,12.17
15,Clarksburg,US,2021-06-13 20:23:30,39.2807,-80.3445,80.33,47,17,6.6
16,Dharmadam,IN,2021-06-13 20:27:39,11.7833,75.4333,78.39,83,100,10.87
17,Afrikanda,RU,2021-06-13 20:27:39,67.4429,32.7828,50.94,100,100,4.32
18,Rocha,UY,2021-06-13 20:27:39,-34.4833,-54.3333,62.2,81,3,6.22
19,Saskylakh,RU,2021-06-13 20:25:07,71.9167,114.0833,39.47,61,6,11.65
20,Busselton,AU,2021-06-13 20:27:39,-33.65,115.3333,57.09,76,93,27.0
21,Mar Del Plata,AR,2021-06-13 20:22:43,-38.0023,-57.5575,66.99,70,0,11.01
22,Lavrentiya,RU,2021-06-13 20:27:40,65.5833,-171.0,35.82,95,100,9.26
23,Norman Wells,CA,2021-06-13 20:27:40,65.282,-126.8329,53.64,71,75,14.97
24,Yellowknife,CA,2021-06-13 20:24:22,62.456,-114.3525,64.92,63,75,11.5
25,Banda Aceh,ID,2021-06-13 20:27:41,5.5577,95.3222,80.26,78,100,8.61
26,Haines Junction,CA,2021-06-13 20:27:41,60.7522,-137.5108,64.35,39,17,5.75
27,Mazamari,PE,2021-06-13 20:27:41,-11.3258,-74.5308,84.24,49,30,0.6
28,Mahebourg,MU,2021-06-13 20:26:16,-20.4081,57.7,74.25,73,40,16.11
29,Vanimo,PG,2021-06-13 20:27:42,-2.6741,141.3028,76.86,91,74,4.47
30,Pandan,PH,2021-06-13 20:27:42,14.0453,124.1694,78.49,82,83,4.52
31,Kulhudhuffushi,MV,2021-06-13 20:27:42,6.6221,73.07,83.14,72,90,18.84
32,Puerto Ayora,EC,2021-06-13 20:24:53,-0.7393,-90.3518,80.56,84,75,8.99
33,Port Elizabeth,ZA,2021-06-13 20:23:22,-33.918,25.5701,61.09,82,40,18.41
34,Saquena,PE,2021-06-13 20:27:43,-4.6667,-73.5167,81.97,72,77,2.77
35,Ushuaia,AR,2021-06-13 20:27:43,-54.8,-68.3,38.86,81,75,25.32
36,Acapulco,MX,2021-06-13 20:25:48,16.8634,-99.8901,84.02,79,90,6.91
37,Punta Arenas,CL,2021-06-13 20:24:48,-53.15,-70.9167,41.11,75,0,13.8
38,Hithadhoo,MV,2021-06-13 20:27:44,-0.6,73.0833,81.27,76,100,7.43
39,Nanortalik,GL,2021-06-13 20:24:52,60.1432,-45.2371,37.09,88,98,8.1
40,Longyearbyen,SJ,2021-06-13 20:27:44,78.2186,15.6401,33.64,64,75,13.8
41,Airai,TL,2021-06-13 20:27:44,-8.9266,125.4092,57.88,93,65,1.59
42,Clyde River,CA,2021-06-13 20:27:45,70.4692,-68.5914,32.23,86,90,12.66
43,Buchanan,LR,2021-06-13 20:27:45,5.8808,-10.0467,80.56,88,98,8.3
44,Sao Filipe,CV,2021-06-13 20:27:45,14.8961,-24.4956,75.78,83,97,5.1
45,Tuktoyaktuk,CA,2021-06-13 20:27:45,69.4541,-133.0374,35.6,100,90,10.36
46,Cherskiy,RU,2021-06-13 20:25:12,68.75,161.3,54.12,49,98,7.07
47,Alofi,NU,2021-06-13 20:27:46,-19.0595,-169.9187,75.09,83,40,6.91
48,Dikson,RU,2021-06-13 20:27:46,73.5069,80.5464,33.6,100,93,12.66
49,Cidreira,BR,2021-06-13 20:25:44,-30.1811,-50.2056,61.09,70,0,7.07
50,Bredasdorp,ZA,2021-06-13 20:27:47,-34.5322,20.0403,49.32,93,97,3.44
51,Clovis,US,2021-06-13 20:27:47,36.8252,-119.7029,96.6,40,0,3.0
52,Upernavik,GL,2021-06-13 20:27:47,72.7868,-56.1549,36.21,87,67,2.01
53,Provideniya,RU,2021-06-13 20:27:47,64.3833,-173.3,36.09,98,100,11.9
54,Raudeberg,NO,2021-06-13 20:27:48,61.9875,5.1352,53.2,92,100,19.98
55,Castro,BR,2021-06-13 20:27:48,-24.7911,-50.0119,58.17,71,0,5.12
56,Hilo,US,2021-06-13 20:25:00,19.7297,-155.09,81.1,68,40,6.91
57,Ariquemes,BR,2021-06-13 20:27:48,-9.9133,-63.0408,89.42,42,37,0.94
58,Cape Town,ZA,2021-06-13 20:27:49,-33.9258,18.4232,54.12,78,55,2.3
59,Shiyan,CN,2021-06-13 20:27:49,32.6475,110.7781,75.97,96,100,1.61
60,Atuona,PF,2021-06-13 20:27:49,-9.8,-139.0333,79.99,77,86,20.62
61,Chuy,UY,2021-06-13 20:27:50,-33.6971,-53.4616,61.38,76,0,6.08
62,Bathsheba,BB,2021-06-13 20:26:15,13.2167,-59.5167,79.41,73,75,20.71
63,Bethel,US,2021-06-13 20:25:35,41.3712,-73.414,80.17,50,90,9.22
64,Oskarshamn,SE,2021-06-13 20:27:50,57.2645,16.4484,58.8,76,12,5.68
65,Esperance,AU,2021-06-13 20:27:50,-33.8667,121.9,53.44,73,0,17.52
66,Komsomolskiy,UZ,2021-06-13 20:27:51,40.4272,71.7189,70.52,46,1,2.3
67,Chokurdakh,RU,2021-06-13 20:24:13,70.6333,147.9167,52.45,69,96,7.72
68,Avarua,CK,2021-06-13 20:27:51,-21.2078,-159.775,77.05,65,75,10.36
69,Livingston,GB,2021-06-13 20:27:51,55.9029,-3.5226,66.38,79,20,16.11
70,Aasiaat,GL,2021-06-13 20:27:52,68.7098,-52.8699,35.62,84,100,6.96
71,Iqaluit,CA,2021-06-13 20:27:52,63.7506,-68.5145,42.53,70,40,10.36
72,Palmer,US,2021-06-13 20:24:22,42.1584,-72.3287,82.89,41,75,1.99
73,Saint-Philippe,RE,2021-06-13 20:27:53,-21.3585,55.7679,72.95,78,56,16.26
74,Akyab,MM,2021-06-13 20:27:53,20.15,92.9,81.72,87,94,15.32
75,Wau,SS,2021-06-13 20:27:53,7.7029,27.9953,80.15,62,100,3.44
76,Nzega,RW,2021-06-13 20:27:54,-2.479,29.5564,56.37,88,100,4.85
77,Chimbote,PE,2021-06-13 20:27:54,-9.0853,-78.5783,69.87,74,37,9.17
78,Masakin,TN,2021-06-13 20:27:54,35.7292,10.5808,82.6,69,0,6.91
79,Kavieng,PG,2021-06-13 20:27:55,-2.5744,150.7967,81.23,77,10,5.75
80,Auki,SB,2021-06-13 20:27:55,-8.7676,160.7034,77.9,88,94,4.52
81,Westport,US,2021-06-13 20:27:55,41.1415,-73.3579,77.81,56,100,1.01
82,Ahipara,NZ,2021-06-13 20:27:55,-35.1667,173.1667,60.8,97,100,1.79
83,Caravelas,BR,2021-06-13 20:27:56,-17.7125,-39.2481,73.85,68,65,10.8
84,Geraldton,AU,2021-06-13 20:24:47,-28.7667,114.6,64.13,77,90,6.91
85,Tuatapere,NZ,2021-06-13 20:27:56,-46.1333,167.6833,50.99,97,100,3.09
86,Vaini,TO,2021-06-13 20:27:56,-21.2,-175.2,75.36,78,20,5.75
87,Nome,US,2021-06-13 20:25:14,64.5011,-165.4064,45.16,87,90,6.91
88,Nioro,GM,2021-06-13 20:27:57,13.35,-15.75,87.91,50,28,15.37
89,Sola,VU,2021-06-13 20:27:57,-13.8833,167.55,80.1,76,76,18.75
90,Vagamo,NO,2021-06-13 20:27:57,61.8751,9.0967,52.93,76,90,2.64
91,Tunceli,TR,2021-06-13 20:27:58,39.1083,39.5471,63.46,44,3,4.41
92,Ilulissat,GL,2021-06-13 20:25:37,69.2167,-51.1,37.42,75,90,3.44
93,Ponta Do Sol,PT,2021-06-13 20:27:58,32.6667,-17.1,70.72,79,36,4.85
94,Uyuni,BO,2021-06-13 20:27:58,-20.4597,-66.825,46.56,12,0,11.65
95,Vitim,RU,2021-06-13 20:27:59,59.4511,112.5578,51.71,51,100,1.86
96,Lorengau,PG,2021-06-13 20:27:59,-2.0226,147.2712,81.14,78,99,5.79
97,Lasa,IT,2021-06-13 20:27:59,46.6166,10.7002,76.91,79,3,5.64
98,Qaanaaq,GL,2021-06-13 20:25:25,77.484,-69.3632,37.81,79,98,2.04
99,Srbac,BA,2021-06-13 20:28:00,45.0978,17.525,59.13,66,15,4.0
100,Richards Bay,ZA,2021-06-13 20:28:00,-28.783,32.0377,66.56,54,6,7.2
101,Ndago,TZ,2021-06-13 20:28:00,-4.6,34.35,68.25,48,41,10.8
102,Vila,PT,2021-06-13 20:28:00,42.0304,-8.1588,63.48,91,45,5.59
103,Kodinsk,RU,2021-06-13 20:28:01,58.6881,99.1844,48.27,97,100,7.7
104,Tasiilaq,GL,2021-06-13 20:28:01,65.6145,-37.6368,35.76,74,99,4.47
105,Brazzaville,CG,2021-06-13 20:26:32,-4.2658,15.2832,79.16,73,18,2.3
106,Hami,CN,2021-06-13 20:28:02,42.8,93.45,74.77,29,100,17.36
107,Urucara,BR,2021-06-13 20:28:02,-2.5364,-57.76,85.12,66,100,1.01
108,Brownsville,US,2021-06-13 20:26:46,25.9018,-97.4975,93.88,65,75,7.0
109,Lexington,US,2021-06-13 20:26:54,37.9887,-84.4777,91.29,76,25,5.01
110,Vardo,NO,2021-06-13 20:28:02,70.3705,31.1107,50.2,78,99,9.48
111,Pareora,NZ,2021-06-13 20:28:03,-44.4871,171.2132,51.19,97,48,1.48
112,Kaitangata,NZ,2021-06-13 20:28:03,-46.2817,169.8464,51.26,98,100,10.42
113,Dingle,PH,2021-06-13 20:28:04,10.9995,122.6711,76.03,90,100,0.65
114,Porto Novo,BJ,2021-06-13 20:28:04,6.4965,2.6036,84.02,80,7,6.85
115,Lompoc,US,2021-06-13 20:28:04,34.6391,-120.4579,86.02,72,75,18.01
116,Soller,ES,2021-06-13 20:28:05,39.7662,2.7152,81.86,54,57,2.3
117,Mount Gambier,AU,2021-06-13 20:28:05,-37.8333,140.7667,48.11,87,32,8.05
118,New Norfolk,AU,2021-06-13 20:28:05,-42.7826,147.0587,53.65,87,99,0.67
119,Myaundzha,RU,2021-06-13 20:28:06,63.0494,147.1858,61.79,43,40,5.39
120,Sur,OM,2021-06-13 20:28:06,22.5667,59.5289,89.87,59,0,7.52
121,Aquiraz,BR,2021-06-13 20:28:06,-3.9014,-38.3911,82.49,74,59,9.15
122,Laguna,US,2021-06-13 20:25:29,38.421,-121.4238,92.44,40,1,5.99
123,Gardenstown,GB,2021-06-13 20:28:07,57.671,-2.336,68.13,84,100,5.99
124,Coquimbo,CL,2021-06-13 20:28:07,-29.9533,-71.3436,56.93,71,75,10.36
125,Hasaki,JP,2021-06-13 20:28:08,35.7333,140.8333,70.29,89,100,11.52
126,Mancio Lima,BR,2021-06-13 20:28:08,-7.6142,-72.8958,84.27,65,75,3.44
127,Kavaratti,IN,2021-06-13 20:28:08,10.5669,72.642,83.44,77,100,23.53
128,Salalah,OM,2021-06-13 20:28:08,17.0151,54.0924,84.29,84,75,5.75
129,Carmaux,FR,2021-06-13 20:28:09,44.051,2.158,79.07,68,5,2.59
130,Ambilobe,MG,2021-06-13 20:28:09,-13.2,49.05,69.93,93,3,2.62
131,Mama,RU,2021-06-13 20:28:10,58.3106,112.8986,54.9,67,100,3.18
132,Zhuhai,CN,2021-06-13 20:28:10,22.2769,113.5678,84.11,89,40,12.66
133,Qaqortoq,GL,2021-06-13 20:28:10,60.7167,-46.0333,52.3,79,38,6.26
134,Oktyabrskiy,RU,2021-06-13 20:27:29,54.4815,53.471,58.51,86,100,2.82
135,Sembe,CG,2021-06-13 20:28:11,1.6481,14.5806,71.35,98,99,2.62
136,Anadyr,RU,2021-06-13 20:28:11,64.75,177.4833,41.5,80,75,13.0
137,Haren,DE,2021-06-13 20:28:12,52.7833,7.2333,64.09,87,0,5.61
138,Mackenzie,CA,2021-06-13 20:28:12,55.2999,-123.1698,59.22,67,40,4.61
139,Korcula,HR,2021-06-13 20:28:12,42.9622,17.1369,73.96,63,1,9.4
140,Sakakah,SA,2021-06-13 20:28:13,29.9697,40.2064,89.17,12,0,10.71
141,Pevek,RU,2021-06-13 20:28:13,69.7008,170.3133,40.28,68,100,1.1
142,Hobart,AU,2021-06-13 20:28:13,-42.8794,147.3294,54.01,94,75,0.0
143,Chandia,IN,2021-06-13 20:28:14,23.65,80.7,84.02,66,100,3.58
144,Mattoon,US,2021-06-13 20:23:57,39.4831,-88.3728,88.56,45,0,10.96
145,North Bend,US,2021-06-13 20:28:14,43.4065,-124.2243,64.24,94,90,9.22
146,Kondinskoye,RU,2021-06-13 20:28:14,59.6481,67.41,63.0,58,79,7.2
147,Bambous Virieux,MU,2021-06-13 20:28:15,-20.3428,57.7575,74.21,73,40,16.11
148,Gat,IL,2021-06-13 20:28:15,31.61,34.7642,75.81,100,0,7.11
149,Port Alfred,ZA,2021-06-13 20:28:15,-33.5906,26.891,62.85,86,38,15.75
150,Puqi,CN,2021-06-13 20:28:15,29.7167,113.8833,79.54,83,100,5.82
151,Abonnema,NG,2021-06-13 20:28:16,4.7084,6.7931,80.89,80,34,5.82
152,Albany,US,2021-06-13 20:28:16,42.6001,-73.9662,84.02,45,45,7.85
153,Isangel,VU,2021-06-13 20:24:41,-19.55,169.2667,75.45,86,30,10.4
154,Pyay,MM,2021-06-13 20:28:16,18.8167,95.2167,76.12,92,100,9.48
155,Port Macquarie,AU,2021-06-13 20:28:17,-31.4333,152.9167,45.37,77,43,4.25
156,Naifaru,MV,2021-06-13 20:28:17,5.4444,73.3657,83.12,73,100,17.13
157,Bengkulu,ID,2021-06-13 20:25:14,-3.8004,102.2655,76.19,84,100,6.24
158,Bridlington,GB,2021-06-13 20:28:18,54.0831,-0.1919,71.78,89,7,10.09
159,Alice Springs,AU,2021-06-13 20:28:18,-23.7,133.8833,58.55,77,90,6.91
160,Namwala,ZM,2021-06-13 20:28:18,-15.7504,26.4384,55.27,35,0,4.76
161,Launceston,AU,2021-06-13 20:26:30,-41.45,147.1667,49.8,91,90,1.99
162,Bairiki,KI,2021-06-13 20:28:19,1.3292,172.9752,84.2,79,40,10.36
163,Torbay,CA,2021-06-13 20:24:36,47.6666,-52.7314,55.27,62,75,11.5
164,Kholtoson,RU,2021-06-13 20:28:19,50.2981,103.3097,45.34,97,99,0.67
165,Celestun,MX,2021-06-13 20:28:19,20.8667,-90.4,82.4,70,100,7.11
166,Ngunguru,NZ,2021-06-13 20:28:20,-35.6167,174.5,63.16,96,92,13.69
167,Cabot,US,2021-06-13 20:27:22,34.9745,-92.0165,93.97,52,20,10.36
168,Nikolskoye,RU,2021-06-13 20:28:20,59.7035,30.7861,60.8,92,100,6.02
169,Lamar,US,2021-06-13 20:28:20,33.6668,-95.5836,97.9,58,40,5.75
170,Souillac,MU,2021-06-13 20:28:21,-20.5167,57.5167,74.35,73,40,16.11
171,Cayenne,GF,2021-06-13 20:25:42,4.9333,-52.3333,84.24,80,90,3.0
172,Georgetown,MY,2021-06-13 20:28:21,5.4112,100.3354,81.9,87,20,0.0
173,Broome,US,2021-06-13 20:28:22,42.2506,-75.833,84.61,61,8,1.99
174,Kindu,CD,2021-06-13 20:28:22,-2.95,25.95,75.92,61,7,2.19
175,Berlevag,NO,2021-06-13 20:28:22,70.8578,29.0864,48.0,81,75,10.36
176,Altamira,BR,2021-06-13 20:28:22,-3.2033,-52.2064,86.09,70,40,0.0
177,East London,ZA,2021-06-13 20:28:23,-33.0153,27.9116,66.38,62,82,6.22
178,Meulaboh,ID,2021-06-13 20:28:23,4.1363,96.1285,77.18,88,91,4.72
179,Lazaro Cardenas,MX,2021-06-13 20:28:24,17.9583,-102.2,79.3,78,99,3.65
180,Tazovskiy,RU,2021-06-13 20:28:24,67.4667,78.7,53.47,75,100,6.73
181,Mount Isa,AU,2021-06-13 20:26:33,-20.7333,139.5,53.37,35,98,0.0
182,Pundaguitan,PH,2021-06-13 20:28:24,6.3711,126.1689,81.48,77,94,3.65
183,Yeniseysk,RU,2021-06-13 20:28:25,58.4497,92.1703,41.68,96,0,5.88
184,Henties Bay,NA,2021-06-13 20:28:03,-22.116,14.2845,62.85,54,2,7.47
185,Yarada,IN,2021-06-13 20:28:25,17.65,83.2667,84.52,74,75,2.3
186,Zaporizhzhya,UA,2021-06-13 20:28:25,47.8167,35.1833,65.07,88,0,4.47
187,Bilibino,RU,2021-06-13 20:28:25,68.0546,166.4372,55.36,47,100,3.44
188,Valdosta,US,2021-06-13 20:24:36,30.8327,-83.2785,89.19,55,40,10.36
189,Khatanga,RU,2021-06-13 20:28:26,71.9667,102.5,41.31,63,100,7.38
190,Kotaparh,IN,2021-06-13 20:28:26,19.15,82.35,78.04,78,100,6.67
191,Paamiut,GL,2021-06-13 20:28:27,61.994,-49.6678,37.92,89,47,13.87
192,Aksarka,RU,2021-06-13 20:26:09,66.5606,67.7975,66.25,57,98,5.75
193,Vao,NC,2021-06-13 20:26:29,-22.6667,167.4833,73.27,82,100,5.99
194,Arraial Do Cabo,BR,2021-06-13 20:28:27,-22.9661,-42.0278,69.76,60,40,8.05
195,Poum,NC,2021-06-13 20:28:27,-20.2333,164.0167,73.81,74,67,7.11
196,Sulangan,PH,2021-06-13 20:28:28,11.1373,123.7228,82.89,74,100,4.32
197,Avera,US,2021-06-13 20:28:28,33.194,-82.5271,87.75,64,100,8.08
198,Saint George,US,2021-06-13 20:28:28,37.1041,-113.5841,106.27,7,1,1.01
199,Saint Anthony,US,2021-06-13 20:28:29,45.0205,-93.218,93.96,28,0,3.0
200,Balkhash,KZ,2021-06-13 20:28:29,46.844,74.9804,65.12,36,31,15.52
201,Pangnirtung,CA,2021-06-13 20:27:14,66.1451,-65.7125,37.4,81,40,18.41
202,Margate,GB,2021-06-13 20:28:30,51.3813,1.3862,71.46,70,5,1.99
203,Zhigansk,RU,2021-06-13 20:27:09,66.7697,123.3711,50.88,88,100,3.94
204,Tres Arroyos,AR,2021-06-13 20:28:30,-38.3739,-60.2798,63.99,59,100,8.21
205,Parauna,BR,2021-06-13 20:28:30,-16.9478,-50.4486,82.09,40,88,3.0
206,San Carlos De Bariloche,AR,2021-06-13 20:24:57,-41.1456,-71.3082,42.55,61,40,24.16
207,Shelburne,CA,2021-06-13 20:24:11,44.0787,-80.2041,75.69,70,100,9.15
208,Brigantine,US,2021-06-13 20:28:31,39.4101,-74.3646,77.16,67,40,11.5
209,Kitgum,UG,2021-06-13 20:28:31,3.2783,32.8867,65.08,94,47,4.65
210,Jalu,LY,2021-06-13 20:28:31,29.0331,21.5482,78.12,39,0,17.34
211,Touros,BR,2021-06-13 20:28:32,-5.1989,-35.4608,81.5,74,31,14.58
212,Leningradskiy,RU,2021-06-13 20:28:32,69.3833,178.4167,36.37,86,22,11.92
213,Pangody,RU,2021-06-13 20:28:32,65.85,74.4859,66.67,52,100,10.96
214,Pizhanka,RU,2021-06-13 20:28:33,57.4604,48.542,60.17,92,32,8.46
215,Bambanglipuro,ID,2021-06-13 20:28:33,-7.95,110.2833,54.61,90,43,4.85
216,Beringovskiy,RU,2021-06-13 20:28:33,63.05,179.3167,33.84,99,100,13.06
217,Sheridan,US,2021-06-13 20:24:45,44.8333,-106.9173,88.47,26,0,1.01
218,Gorom-Gorom,BF,2021-06-13 20:26:46,14.4439,-0.2361,95.88,29,86,10.92
219,Aykhal,RU,2021-06-13 20:28:34,66.0,111.5,42.44,96,100,12.03
220,Shimoda,JP,2021-06-13 20:28:34,34.6667,138.95,68.16,83,100,4.18
221,Igarka,RU,2021-06-13 20:28:34,67.4667,86.5833,45.93,69,100,5.86
222,Jibuti,DJ,2021-06-13 20:27:51,11.5,42.5,85.42,49,100,14.16
223,Buraydah,SA,2021-06-13 20:26:23,26.326,43.975,91.85,14,0,9.51
224,Sao Joao Da Barra,BR,2021-06-13 20:28:35,-21.6403,-41.0511,71.69,76,82,13.87
225,Lagoa,PT,2021-06-13 20:24:25,39.05,-27.9833,68.97,72,4,3.85
226,Maragogi,BR,2021-06-13 20:28:35,-9.0122,-35.2225,76.78,83,100,8.01
227,Faanui,PF,2021-06-13 20:26:45,-16.4833,-151.75,80.2,77,9,16.44
228,Whitehorse,CA,2021-06-13 20:25:18,60.7161,-135.0538,60.1,54,75,0.0
229,Acarau,BR,2021-06-13 20:28:36,-2.8856,-40.12,81.09,76,22,11.16
230,Lovozero,RU,2021-06-13 20:28:36,68.005,35.0117,51.04,89,100,8.3
231,Pisco,PE,2021-06-13 20:24:52,-13.7,-76.2167,68.05,64,20,10.36
232,Grindavik,IS,2021-06-13 20:26:26,63.8424,-22.4338,45.07,93,75,11.5
233,Tanout,NE,2021-06-13 20:28:37,14.9709,8.8879,93.63,11,8,11.21
234,Luderitz,NA,2021-06-13 20:28:37,-26.6481,15.1594,64.17,63,0,4.47
235,Marawi,PH,2021-06-13 20:28:37,7.9986,124.2928,65.64,94,22,3.22
236,Ancud,CL,2021-06-13 20:28:38,-41.8697,-73.8203,47.73,69,9,10.31
237,Kapaa,US,2021-06-13 20:28:38,22.0752,-159.319,80.92,76,75,5.99
238,Kahului,US,2021-06-13 20:28:37,20.8947,-156.47,81.97,72,40,18.41
239,Astana,KZ,2021-06-13 20:28:38,51.1801,71.446,60.75,63,0,6.71
240,Sitka,US,2021-06-13 20:26:21,57.0531,-135.33,60.69,63,1,5.75
241,Kirakira,SB,2021-06-13 20:28:39,-10.4544,161.9205,77.72,81,47,10.11
242,Myitkyina,MM,2021-06-13 20:28:39,25.3833,97.4,75.65,98,85,1.25
243,Inhambane,MZ,2021-06-13 20:25:40,-23.865,35.3833,66.65,80,0,4.97
244,Puerto Del Rosario,ES,2021-06-13 20:28:40,28.5004,-13.8627,69.55,73,20,20.71
245,Bandarbeyla,SO,2021-06-13 20:28:40,9.4942,50.8122,78.8,80,94,31.03
246,Port Hardy,CA,2021-06-13 20:28:40,50.6996,-127.4199,64.58,68,75,6.91
247,Hofn,IS,2021-06-13 20:28:41,64.2539,-15.2082,38.89,87,100,12.88
248,Kununurra,AU,2021-06-13 20:28:41,-15.7667,128.7333,53.58,87,51,0.0
249,Severo-Kurilsk,RU,2021-06-13 20:25:14,50.6789,156.125,43.21,96,100,14.92
250,Anshun,CN,2021-06-13 20:28:41,26.25,105.9333,65.75,96,62,8.55
251,Bariri,BR,2021-06-13 20:28:42,-22.0744,-48.7403,73.65,51,0,6.31
252,Quatre Cocos,MU,2021-06-13 20:28:42,-20.2078,57.7625,74.08,74,31,17.07
253,Ixtapa,MX,2021-06-13 20:28:42,20.7,-105.2,86.23,66,90,12.66
254,Yamada,JP,2021-06-13 20:28:42,39.4667,141.95,64.27,90,100,2.51
255,Havre-Saint-Pierre,CA,2021-06-13 20:28:43,50.2334,-63.5986,53.96,50,40,24.16
256,Chumikan,RU,2021-06-13 20:28:43,54.7183,135.315,37.49,83,100,1.43
257,Padang,ID,2021-06-13 20:28:43,-0.9492,100.3543,78.28,83,37,4.38
258,Pitimbu,BR,2021-06-13 20:28:44,-7.4706,-34.8086,79.39,82,48,9.15
259,Kodiak,US,2021-06-13 20:28:44,57.79,-152.4072,51.31,76,90,5.75
260,San Patricio,US,2021-06-13 20:28:44,28.017,-97.5169,95.07,42,6,4.21
261,Waddan,LY,2021-06-13 20:28:45,29.1614,16.139,79.9,27,0,15.12
262,Conde,BR,2021-06-13 20:28:45,-7.2597,-34.9075,78.26,78,20,10.36
263,Elko,US,2021-06-13 20:25:52,41.0002,-115.5012,91.63,3,6,13.0
264,Phulabani,IN,2021-06-13 20:28:45,20.4667,84.2333,76.77,87,100,2.48
265,Vila Franca Do Campo,PT,2021-06-13 20:28:46,37.7167,-25.4333,70.21,83,63,4.43
266,Skofljica,SI,2021-06-13 20:28:46,45.9833,14.5767,67.77,84,1,4.65
267,Keokuk,US,2021-06-13 20:24:07,40.3973,-91.3849,88.32,35,1,4.61
268,Lebu,CL,2021-06-13 20:28:46,-37.6167,-73.65,51.28,83,100,16.73
269,Bonga,ET,2021-06-13 20:28:47,7.2833,36.2333,60.26,98,100,1.19
270,Verkhoyansk,RU,2021-06-13 20:28:47,67.5447,133.385,57.18,46,91,3.33
271,Atasu,KZ,2021-06-13 20:28:47,48.6814,71.6433,54.82,79,26,7.85
272,Ribas Do Rio Pardo,BR,2021-06-13 20:28:48,-20.4431,-53.7592,78.26,37,0,6.02
273,Wasilla,US,2021-06-13 20:26:45,61.5814,-149.4394,65.66,56,1,4.61
274,Ostrovnoy,RU,2021-06-13 20:28:19,68.0531,39.5131,62.87,69,28,13.71
275,Shubarkuduk,KZ,2021-06-13 20:28:48,49.1447,56.4872,74.1,39,100,14.07
276,Waitara,NZ,2021-06-13 20:28:48,-38.925,174.25,60.71,95,100,15.08
277,Tomatlan,MX,2021-06-13 20:28:49,19.9333,-105.25,81.34,63,100,6.58
278,Roswell,US,2021-06-13 20:27:20,34.0232,-84.3616,90.97,60,75,1.01
279,Karaman,TR,2021-06-13 20:28:49,37.0833,33.25,64.15,37,66,7.74
280,Gizo,SB,2021-06-13 20:28:49,-8.103,156.8419,81.3,78,18,4.74
281,Yerbogachen,RU,2021-06-13 20:28:50,61.2767,108.0108,47.23,91,85,4.88
282,Harper,LR,2021-06-13 20:28:50,4.375,-7.7169,79.29,82,100,7.38
283,Half Moon Bay,US,2021-06-13 20:28:50,37.4636,-122.4286,84.97,64,42,7.38
284,Steinbach,DE,2021-06-13 20:28:51,50.1667,8.5667,66.99,55,0,5.75
285,Dauriya,RU,2021-06-13 20:28:51,49.9333,116.8667,62.44,79,100,11.54
286,Erzin,TR,2021-06-13 20:25:30,36.9559,36.2,71.01,80,0,4.5
287,Tiksi,RU,2021-06-13 20:28:51,71.6872,128.8694,39.96,90,100,8.77
288,Kaseda,JP,2021-06-13 20:28:52,31.4167,130.3167,73.85,91,82,3.85
289,Aktau,KZ,2021-06-13 20:28:52,43.65,51.2,75.78,51,79,10.6
290,Christchurch,NZ,2021-06-13 20:26:16,-43.5333,172.6333,50.02,100,90,4.61
291,High Level,CA,2021-06-13 20:28:12,58.5169,-117.136,71.71,40,75,8.05
292,Pangkalanbuun,ID,2021-06-13 20:28:53,-2.6833,111.6167,73.92,98,77,2.59
293,Vabalninkas,LT,2021-06-13 20:28:53,55.9667,24.75,50.4,75,13,13.76
294,Batagay,RU,2021-06-13 20:28:53,67.6333,134.6333,57.56,47,97,2.89
295,Balabac,PH,2021-06-13 20:28:53,7.9868,117.0645,81.86,78,87,6.96
296,Katsuura,JP,2021-06-13 20:28:54,35.1333,140.3,73.11,91,100,7.09
297,Diu,IN,2021-06-13 20:28:54,20.7141,70.9822,83.95,80,7,13.91
298,Narsaq,GL,2021-06-13 20:28:55,60.9167,-46.05,52.02,74,68,4.65
299,San Isidro,PE,2021-06-13 20:28:55,-12.1167,-77.05,73.02,78,90,5.75
300,Adrar,MR,2021-06-13 20:28:55,20.5022,-10.0711,102.99,10,96,10.76
301,Khandyga,RU,2021-06-13 20:28:55,62.6667,135.6,47.26,94,100,5.28
302,San Lawrenz,MT,2021-06-13 20:28:56,36.0553,14.204,70.86,84,4,7.78
303,Novyy Urengoy,RU,2021-06-13 20:24:13,66.0833,76.6333,64.31,51,48,8.08
304,Taoudenni,ML,2021-06-13 20:28:56,22.6783,-3.9836,105.48,9,11,12.48
305,Porgera,PG,2021-06-13 20:28:57,-5.4667,143.2,39.45,98,87,2.3
306,Burnie,AU,2021-06-13 20:28:56,-41.0667,145.9167,53.92,84,100,3.65
307,Morehead,US,2021-06-13 20:28:57,37.2711,-87.1764,91.15,62,75,1.99
308,Aklavik,CA,2021-06-13 20:28:57,68.2191,-135.0107,49.03,57,100,12.93
309,Matara,LK,2021-06-13 20:28:58,5.9485,80.5353,77.02,90,100,11.07
310,Port Pirie,AU,2021-06-13 20:28:58,-33.1833,138.0167,57.29,51,100,8.21
311,Torres,BR,2021-06-13 20:28:58,-29.3353,-49.7269,60.93,72,0,6.04
312,Klaksvik,FO,2021-06-13 20:28:58,62.2266,-6.589,49.12,89,97,21.77
313,Hambantota,LK,2021-06-13 20:28:59,6.1241,81.1185,77.68,83,100,20.49
314,Flinders,AU,2021-06-13 20:28:59,-34.5833,150.8552,55.18,76,100,1.01
315,Hohhot,CN,2021-06-13 20:28:59,40.8106,111.6522,68.29,88,20,2.24
316,Hamilton,US,2021-06-13 20:29:00,39.1834,-84.5333,89.62,61,40,1.01
317,Ocampo,MX,2021-06-13 20:29:00,21.65,-101.5,69.8,51,95,15.95
318,Victoria,HK,2021-06-13 20:28:36,22.2855,114.1577,84.38,89,99,1.01
319,Luanda,AO,2021-06-13 20:25:30,-8.8368,13.2343,77.0,83,0,5.75
320,Paciran,ID,2021-06-13 20:29:01,-6.8767,112.3761,78.73,84,99,6.76
321,Omsukchan,RU,2021-06-13 20:29:01,62.5333,155.8,51.69,48,12,7.07
322,Nara,JP,2021-06-13 20:29:01,34.6851,135.8049,69.49,92,100,2.01
323,Bontang,ID,2021-06-13 20:29:02,0.1333,117.5,77.85,84,100,3.47
324,Jacareacanga,BR,2021-06-13 20:29:02,-6.2222,-57.7528,95.0,32,21,2.82
325,Mikhaylovka,RU,2021-06-13 20:29:02,50.06,43.2379,63.05,85,91,6.91
326,Mitsamiouli,KM,2021-06-13 20:29:03,-11.3847,43.2844,76.55,71,1,14.52
327,Tautira,PF,2021-06-13 20:29:03,-17.7333,-149.15,84.0,81,70,18.61
328,Port-Gentil,GA,2021-06-13 20:29:03,-0.7193,8.7815,80.56,83,75,9.22
329,Krasnaya Poyma,RU,2021-06-13 20:29:04,55.0014,39.08,60.75,90,0,5.19
330,Conway,US,2021-06-13 20:29:04,35.0887,-92.4421,94.14,55,20,1.01
331,Kisangani,CD,2021-06-13 20:29:04,0.5167,25.2,75.9,70,96,0.83
332,Ucluelet,CA,2021-06-13 20:29:05,48.9329,-125.5528,67.08,86,75,11.88
333,Paulista,BR,2021-06-13 20:29:05,-7.9408,-34.8731,76.86,80,67,7.94
334,Cabo San Lucas,MX,2021-06-13 20:29:05,22.8909,-109.9124,93.51,65,75,11.5
335,Gold Coast,AU,2021-06-13 20:26:12,-28.0,153.4333,51.01,100,0,5.75
336,Sechura,PE,2021-06-13 20:28:31,-5.5569,-80.8222,77.36,60,82,12.77
337,Guerrero Negro,MX,2021-06-13 20:25:00,27.9769,-114.0611,72.19,61,14,16.51
338,Qinhuangdao,CN,2021-06-13 20:29:06,39.9317,119.5883,68.76,96,100,3.65
339,Srednekolymsk,RU,2021-06-13 20:29:06,67.45,153.6833,64.69,38,99,5.44
340,Mayo,US,2021-06-13 20:29:06,38.8876,-76.5119,81.73,76,1,10.0
341,Marsa Matruh,EG,2021-06-13 20:27:00,31.3525,27.2453,73.6,73,0,11.5
342,Tura,IN,2021-06-13 20:29:07,25.5198,90.2201,75.81,91,70,5.14
343,Weligama,LK,2021-06-13 20:26:31,5.9667,80.4167,77.47,88,100,11.48
344,Mineros,BO,2021-06-13 20:29:07,-17.1167,-63.2333,80.19,35,0,4.99
345,Acajutla,SV,2021-06-13 20:29:08,13.5928,-89.8275,93.54,76,86,3.98
346,Hammerfest,NO,2021-06-13 20:29:08,70.6634,23.6821,45.05,93,75,10.36
347,Port Shepstone,ZA,2021-06-13 20:29:08,-30.7414,30.455,69.69,53,0,7.52
348,Ndola,ZM,2021-06-13 20:29:09,-12.9587,28.6366,51.51,53,4,4.99
349,Salamiyah,SY,2021-06-13 20:29:09,35.0113,37.0532,72.54,26,0,4.88
350,Abong Mbang,CM,2021-06-13 20:29:09,3.9833,13.1833,67.6,99,94,3.96
351,Ambikapur,IN,2021-06-13 20:29:10,23.1167,83.2,76.53,87,100,3.36
352,Otradnoye,RU,2021-06-13 20:29:10,59.7775,30.8181,60.96,92,100,5.84
353,Nahan,IN,2021-06-13 20:29:10,30.55,77.3,79.48,62,2,4.97
354,Maniitsoq,GL,2021-06-13 20:29:11,65.4167,-52.9,38.07,75,100,0.89
355,Seoul,KR,2021-06-13 20:29:11,37.5683,126.9778,67.39,91,75,6.91
356,Mogadishu,SO,2021-06-13 20:29:11,2.0371,45.3438,78.22,83,84,16.33
357,Simao,CN,2021-06-13 20:29:11,22.7886,100.9748,67.14,96,90,2.53
358,Dolinsk,RU,2021-06-13 20:29:12,47.35,142.8,48.06,91,100,4.18
359,Sayyan,YE,2021-06-13 20:29:12,15.1718,44.3244,66.56,13,96,6.26
360,Encruzilhada Do Sul,BR,2021-06-13 20:29:12,-30.5439,-52.5219,57.97,78,0,2.77
361,Haileybury,CA,2021-06-13 20:29:13,47.449,-79.6373,64.98,64,72,8.01
362,Vila Velha,BR,2021-06-13 20:29:13,-20.3297,-40.2925,71.55,78,40,12.66
363,Mareeba,AU,2021-06-13 20:29:13,-17.0,145.4333,69.44,97,77,1.59
364,Maua,BR,2021-06-13 20:29:14,-23.6678,-46.4614,66.11,77,2,8.23
365,Aswan,EG,2021-06-13 20:29:14,24.0934,32.907,96.96,18,0,20.78
366,Krasnaya Polyana,RU,2021-06-13 20:29:14,56.242,51.1442,60.49,93,64,4.97
367,Ninghai,CN,2021-06-13 20:29:15,29.2892,121.4247,77.74,99,100,2.17
368,Agirish,RU,2021-06-13 20:24:56,61.9247,63.0231,65.8,56,95,8.19
369,Vestmannaeyjar,IS,2021-06-13 20:29:15,63.4427,-20.2734,43.79,87,75,13.8
370,Porto Torres,IT,2021-06-13 20:29:15,40.835,8.3972,71.78,76,0,1.19
371,Pochutla,MX,2021-06-13 20:29:16,15.7432,-96.4661,87.82,73,91,5.28
372,San-Pedro,CI,2021-06-13 20:29:16,4.7485,-6.6363,79.02,85,66,7.92
373,Saint-Pierre,RE,2021-06-13 20:29:16,-21.3393,55.4781,73.04,75,0,8.05
374,Hobyo,SO,2021-06-13 20:29:16,5.3505,48.5268,78.12,83,85,24.96
375,Maningrida,AU,2021-06-13 20:29:17,-12.0667,134.2667,68.32,94,93,6.04
376,La Ronge,CA,2021-06-13 20:26:52,55.1001,-105.2842,77.22,22,20,6.91
377,Barranca,PE,2021-06-13 20:29:17,-10.75,-77.7667,68.56,73,28,8.34
378,Amapa,BR,2021-06-13 20:29:17,1.0,-52.0,77.14,91,100,0.89
379,Korenovsk,RU,2021-06-13 20:29:18,45.4686,39.4519,67.91,86,0,2.39
380,Zeya,RU,2021-06-13 20:29:18,53.75,127.2667,59.4,96,96,4.74
381,Havelock,US,2021-06-13 20:25:54,34.8791,-76.9013,82.02,84,75,5.99
382,Hit,IQ,2021-06-13 20:29:18,33.6416,42.8251,87.44,15,0,9.44
383,Batken,KG,2021-06-13 20:29:19,39.8333,71.0,53.53,57,33,5.23
384,Tornio,FI,2021-06-13 20:29:19,65.8481,24.1466,59.02,63,4,12.84
385,Oktyabrskoye,RU,2021-06-13 20:29:19,43.0645,44.7417,55.54,100,6,6.71
386,Minudasht,IR,2021-06-13 20:29:20,37.2289,55.3747,75.54,68,0,3.13
387,Dali,CN,2021-06-13 20:29:20,25.7,100.1833,64.74,90,95,3.06
388,Maihar,IN,2021-06-13 20:29:20,24.2667,80.75,84.45,67,100,6.64
389,Maple Creek,CA,2021-06-13 20:27:31,49.9168,-109.4848,80.37,27,21,12.66
390,Ali-Yurt,RU,2021-06-13 20:29:21,43.14,44.85,54.82,91,6,4.94
391,Kalmunai,LK,2021-06-13 20:29:21,7.4167,81.8167,81.1,70,96,4.54
392,Mangan,IN,2021-06-13 20:29:21,27.5167,88.5333,75.24,82,88,3.18
393,Bacolod,PH,2021-06-13 20:29:22,10.6667,122.95,77.92,84,100,2.93
394,Creel,MX,2021-06-13 20:29:22,27.75,-107.6333,84.43,14,11,20.69
395,Yeraskhahun,AM,2021-06-13 20:29:22,40.0717,44.2162,64.54,55,2,3.44
396,Sampit,ID,2021-06-13 20:29:23,-2.5333,112.95,72.88,96,46,2.53
397,Moron,AR,2021-06-13 20:27:10,-34.6534,-58.6198,71.49,66,3,5.99
398,Itaguai,BR,2021-06-13 20:29:23,-22.8522,-43.7753,71.28,77,90,3.44
399,Praia,CV,2021-06-13 20:29:24,14.9215,-23.5087,81.14,69,0,5.75
400,Tynda,RU,2021-06-13 20:29:24,55.1667,124.7167,56.25,99,100,2.66
401,Mount Pleasant,US,2021-06-13 20:29:24,32.7941,-79.8626,81.05,84,75,1.99
402,Macherla,IN,2021-06-13 20:29:24,16.4833,79.4333,82.76,67,100,20.96
403,Ugoofaaru,MV,2021-06-13 20:29:25,5.6667,73.0,83.03,74,100,17.34
404,Saint-Francois,FR,2021-06-13 20:29:25,46.4154,3.9054,69.24,60,0,3.44
405,Bairnsdale,AU,2021-06-13 20:29:25,-37.8333,147.6167,52.07,91,100,3.29
406,Genhe,CN,2021-06-13 20:29:26,50.7833,121.5167,56.1,97,100,3.89
407,Beira,MZ,2021-06-13 20:29:26,-19.8436,34.8389,66.29,100,0,2.3
408,Boende,CD,2021-06-13 20:29:26,-0.2167,20.8667,76.08,73,84,3.65
409,Ketchikan,US,2021-06-13 20:29:27,55.3422,-131.6461,60.78,61,80,4.92
410,Kapit,MY,2021-06-13 20:29:27,2.0167,112.9333,73.24,92,100,0.49
411,Juneau,US,2021-06-13 20:26:46,58.3019,-134.4197,62.83,71,75,13.8
412,Rawson,AR,2021-06-13 20:29:27,-43.3002,-65.1023,52.43,50,100,13.58
413,Miquelon,PM,2021-06-13 20:29:28,47.0975,-56.3814,46.4,91,90,14.29
414,Paita,PE,2021-06-13 20:29:28,-5.0892,-81.1144,79.36,71,65,15.52
415,Praia Da Vitoria,PT,2021-06-13 20:25:58,38.7333,-27.0667,75.45,73,20,4.36
416,Ternate,ID,2021-06-13 20:29:28,0.8,127.4,79.77,80,99,2.98
417,Sovetskiy,RU,2021-06-13 20:29:29,61.3614,63.5842,63.61,61,71,5.73
418,Tiarei,PF,2021-06-13 20:29:29,-17.5333,-149.3333,84.0,82,43,19.3
419,Samfya,ZM,2021-06-13 20:29:29,-11.3649,29.5565,59.29,45,0,5.41
420,Morro Bay,US,2021-06-13 20:29:29,35.3658,-120.8499,92.28,61,32,7.0
421,Lakes Entrance,AU,2021-06-13 20:29:30,-37.8811,147.981,52.18,82,100,5.7
422,Northam,GB,2021-06-13 20:29:30,51.0333,-4.2167,66.67,80,64,1.86
423,Saint-Joseph,RE,2021-06-13 20:27:12,-21.3667,55.6167,71.96,77,31,14.92
424,Feltre,IT,2021-06-13 20:29:30,46.0235,11.907,73.2,86,9,1.12
425,Moerai,PF,2021-06-13 20:29:31,-22.4333,-151.3333,74.07,69,81,23.87
426,Goderich,CA,2021-06-13 20:29:31,43.7501,-81.7165,76.03,72,71,9.22
427,Cleethorpes,GB,2021-06-13 20:29:31,53.5605,-0.0323,74.16,91,2,8.63
428,Manokwari,ID,2021-06-13 20:29:32,-0.8667,134.0833,78.3,75,100,1.61
429,Solnechnyy,RU,2021-06-13 20:29:32,50.7214,136.6319,48.18,77,0,2.77
430,Agadir,MA,2021-06-13 20:29:32,30.4202,-9.5982,68.45,76,1,1.03
431,Orocue,CO,2021-06-13 20:29:33,4.7912,-71.3354,83.26,72,16,2.95
432,Asosa,ET,2021-06-13 20:29:33,10.0667,34.5333,63.59,89,100,5.3
433,Maceio,BR,2021-06-13 20:29:33,-9.6658,-35.7353,80.04,73,20,5.75
434,Colquechaca,BO,2021-06-13 20:29:34,-18.6667,-66.0167,42.51,10,0,4.92
435,Paka,MY,2021-06-13 20:29:34,4.6374,103.4368,75.13,100,70,0.0
436,Demyansk,RU,2021-06-13 20:29:34,57.643,32.466,59.58,98,99,4.0
437,Port Lincoln,AU,2021-06-13 20:29:34,-34.7333,135.8667,56.64,78,61,7.67
438,Malaryta,BY,2021-06-13 20:29:35,51.7905,24.074,53.64,89,95,12.1
439,Constitucion,CL,2021-06-13 20:29:35,-35.3333,-72.4167,60.44,80,100,11.05
440,Portland,US,2021-06-13 20:27:39,45.5234,-122.6762,67.28,89,90,4.61
441,Mitu,CO,2021-06-13 20:29:35,1.1983,-70.1733,78.69,91,49,1.48
442,Comodoro Rivadavia,AR,2021-06-13 20:29:36,-45.8667,-67.5,48.06,53,75,12.66
443,Shangzhi,CN,2021-06-13 20:29:36,45.2167,127.9667,59.18,88,15,1.54
444,Ellisras,ZA,2021-06-13 20:29:36,-23.6649,27.7443,58.71,29,1,6.73
445,Laurel,US,2021-06-13 20:29:37,39.0993,-76.8483,81.63,83,40,1.01
446,Lima,PE,2021-06-13 20:29:37,-12.0432,-77.0282,71.91,66,90,5.75
447,Olesnica,PL,2021-06-13 20:29:37,51.2134,17.3899,53.47,86,5,7.45
448,Kungurtug,RU,2021-06-13 20:29:38,50.5994,97.5228,41.99,86,97,2.24
449,Uray,RU,2021-06-13 20:29:38,60.1247,64.7758,63.5,59,22,8.75
450,Point Pleasant,US,2021-06-13 20:29:38,40.0832,-74.0682,75.36,73,86,1.01
451,Casablanca,MA,2021-06-13 20:29:22,33.5928,-7.6192,70.02,64,0,11.01
452,Dwarka,IN,2021-06-13 20:29:39,22.2394,68.9678,86.04,73,11,17.74
453,Nelson Bay,AU,2021-06-13 20:29:39,-32.7167,152.15,47.95,91,100,14.41
454,Businga,CD,2021-06-13 20:29:39,3.3333,20.8833,73.24,87,100,1.95
455,Sri Aman,MY,2021-06-13 20:29:39,1.2376,111.4621,73.45,100,95,3.44
456,San Vicente De Canete,PE,2021-06-13 20:29:40,-13.0751,-76.3835,67.33,75,36,6.55
457,Olinda,BR,2021-06-13 20:29:40,-8.0089,-34.8553,76.73,73,20,13.8
458,Sorong,ID,2021-06-13 20:29:40,-0.8833,131.25,78.62,85,100,6.06
459,Agadez,NE,2021-06-13 20:29:41,19.75,10.25,89.17,12,0,8.43
460,Eureka,US,2021-06-13 20:29:41,40.8021,-124.1637,80.74,90,100,1.01
461,Sidlaghatta,IN,2021-06-13 20:29:41,13.3881,77.8628,69.89,85,99,19.55
462,Coahuayana,MX,2021-06-13 20:29:42,18.7333,-103.6833,87.28,74,100,0.96
463,Verkhnevilyuysk,RU,2021-06-13 20:29:42,63.4453,120.3167,50.34,60,7,5.3
464,Chapais,CA,2021-06-13 20:25:14,49.7834,-74.8492,73.18,18,100,4.79
465,Veraval,IN,2021-06-13 20:29:42,20.9,70.3667,84.45,79,18,14.85
466,Roebourne,AU,2021-06-13 20:28:11,-20.7833,117.1333,68.58,38,15,11.95
467,Mezhdurechensk,RU,2021-06-13 20:29:43,53.6942,88.0603,52.2,98,100,4.21
468,Cockburn Town,TC,2021-06-13 20:29:43,21.4612,-71.1419,84.16,70,20,13.8
469,Bria,CF,2021-06-13 20:29:43,6.5423,21.9863,72.45,86,100,4.29
470,Boulder City,US,2021-06-13 20:27:24,35.9786,-114.8325,107.11,7,1,13.8
471,Inuvik,CA,2021-06-13 20:25:27,68.3499,-133.7218,49.06,87,90,5.75
472,Kenai,US,2021-06-13 20:28:34,60.5544,-151.2583,63.03,66,1,12.66
473,Bardiyah,LY,2021-06-13 20:29:44,31.7561,25.0865,72.54,73,15,14.07
474,Prince George,CA,2021-06-13 20:29:44,53.9166,-122.753,71.04,49,40,14.97
475,Tilichiki,RU,2021-06-13 20:25:55,60.4667,166.1,50.29,62,0,7.94
476,Jieshi,CN,2021-06-13 20:29:44,22.8134,115.8257,80.94,86,22,6.22
477,West Bay,KY,2021-06-13 20:29:45,19.3667,-81.4167,88.05,70,20,11.5
478,Tocopilla,CL,2021-06-13 20:25:27,-22.092,-70.1979,67.95,62,21,4.56
479,Dzhebariki-Khaya,RU,2021-06-13 20:29:45,62.2167,135.8,47.39,95,100,5.46
480,Fairfield,US,2021-06-13 20:26:40,41.2668,-73.3162,79.05,56,90,9.22
481,Mgachi,RU,2021-06-13 20:29:45,51.05,142.2667,43.25,99,100,5.08
482,Houma,US,2021-06-13 20:27:35,29.5958,-90.7195,97.0,51,55,8.99
483,Muisne,EC,2021-06-13 20:29:46,0.6,-80.0333,82.51,83,100,7.61
484,Jiuquan,CN,2021-06-13 20:29:46,39.7432,98.5174,63.23,49,3,4.88
485,Yambio,SS,2021-06-13 20:29:47,4.5721,28.3955,68.22,98,100,4.34
486,Chicama,PE,2021-06-13 20:29:47,-7.8447,-79.1469,66.74,65,30,9.69
487,Honningsvag,NO,2021-06-13 20:25:53,70.9821,25.9704,45.93,84,100,25.03
488,Chunskiy,RU,2021-06-13 20:29:47,56.0815,99.6342,50.05,86,100,3.65
489,Jiaojiang,CN,2021-06-13 20:29:48,28.6803,121.4428,78.01,99,100,0.31
490,Minab,IR,2021-06-13 20:29:48,27.1467,57.0801,90.9,65,35,3.62
491,Pilot Butte,CA,2021-06-13 20:29:48,50.4668,-104.4178,77.67,30,20,5.75
492,Channel-Port Aux Basques,CA,2021-06-13 20:29:48,47.5702,-59.1367,48.6,73,2,17.43
493,La Palma,US,2021-06-13 20:29:49,33.8464,-118.0467,101.8,53,1,7.0
494,Strezhevoy,RU,2021-06-13 20:29:49,60.7333,77.5889,60.78,73,36,5.55
495,Savinskiy,RU,2021-06-13 20:29:49,62.9342,40.1361,59.04,95,22,5.12
496,Lishui,CN,2021-06-13 20:29:50,28.4604,119.9103,75.16,97,97,1.3
497,Yumen,CN,2021-06-13 20:29:50,40.2833,97.2,67.06,40,16,5.75
498,Brae,GB,2021-06-13 20:29:50,60.3964,-1.353,49.91,93,100,17.18
499,Astoria,US,2021-06-13 20:29:51,46.1879,-123.8313,64.98,91,90,0.0
500,Gushikawa,JP,2021-06-13 20:29:51,26.3544,127.8686,78.8,94,75,11.5
501,Bafq,IR,2021-06-13 20:29:51,31.6128,55.4107,96.48,9,53,2.75
502,Faya,SA,2021-06-13 20:24:54,18.3851,42.4509,73.51,13,47,14.9
503,Carnarvon,AU,2021-06-13 20:29:52,-24.8667,113.6333,57.27,72,0,10.36
504,Trinidad,BO,2021-06-13 20:29:52,-14.8333,-64.9,82.38,54,20,0.0
505,Majene,ID,2021-06-13 20:29:52,-3.5403,118.9707,75.87,91,93,4.47
506,Nanakuli,US,2021-06-13 20:29:53,21.3906,-158.1547,83.03,65,20,10.36
507,Oranjemund,NA,2021-06-13 20:29:53,-28.55,16.4333,56.57,80,0,5.21
508,Namatanai,PG,2021-06-13 20:29:53,-3.6667,152.4333,77.97,78,95,6.22
509,Farmington,US,2021-06-13 20:29:53,36.7281,-108.2187,100.09,5,6,8.01
510,Chimoio,MZ,2021-06-13 20:29:54,-19.1164,33.4833,60.66,88,0,6.91
511,Iroquois Falls,CA,2021-06-13 20:29:54,48.7669,-80.6831,66.34,75,76,7.27
512,Liwale,TZ,2021-06-13 20:29:54,-9.7667,37.9333,62.37,64,0,4.68
513,Grootfontein,NA,2021-06-13 20:29:55,-19.5667,18.1167,49.57,50,4,4.61
514,Mitzic,GA,2021-06-13 20:29:55,0.7821,11.549,72.23,94,95,2.13
515,Severo-Yeniseyskiy,RU,2021-06-13 20:29:55,60.3725,93.0408,34.21,93,8,3.76
516,Chala,TZ,2021-06-13 20:29:56,-7.5833,31.2667,57.09,64,1,4.12
517,Kajaani,FI,2021-06-13 20:29:56,64.2273,27.7285,55.45,58,0,10.36
518,Jining,CN,2021-06-13 20:29:56,35.405,116.5814,81.0,1,97,8.34
519,Qom,IR,2021-06-13 20:25:44,34.6401,50.8764,90.57,9,0,11.83
520,Husavik,IS,2021-06-13 20:29:57,66.0449,-17.3389,37.31,97,100,21.52
521,Ararangua,BR,2021-06-13 20:29:57,-28.9347,-49.4858,60.03,72,0,4.68
522,Atocha,BO,2021-06-13 20:29:57,-20.9333,-66.2333,47.5,12,0,12.91
523,Zapolyarnyy,RU,2021-06-13 20:29:58,69.4154,30.8136,51.08,71,66,5.12
524,College,US,2021-06-13 20:29:58,64.8569,-147.8028,71.01,60,75,3.44
525,Nador,MA,2021-06-13 20:26:25,35.174,-2.9287,73.47,83,75,1.14
526,Alta Floresta,BR,2021-06-13 20:29:14,-9.8756,-56.0861,91.22,46,20,2.3
527,Dhidhdhoo,MV,2021-06-13 20:29:58,6.8833,73.1,83.3,72,87,19.24
528,Rudbar,AF,2021-06-13 20:29:59,30.15,62.6,95.25,8,0,14.56
529,Cahors,FR,2021-06-13 20:29:59,44.4167,1.3333,77.14,63,3,3.27
530,Salinas,US,2021-06-13 20:27:34,36.6777,-121.6555,86.56,65,0,10.69
531,Donzdorf,DE,2021-06-13 20:29:59,48.6854,9.8105,65.73,84,0,3.8
532,Chandigarh,IN,2021-06-13 20:30:00,30.7343,76.7933,84.22,44,0,4.07
533,Karratha,AU,2021-06-13 20:30:00,-20.7377,116.8463,68.2,38,14,10.33
534,Xuddur,SO,2021-06-13 20:30:00,4.1213,43.8894,72.68,76,100,16.06
535,Alghero,IT,2021-06-13 20:30:01,40.5589,8.3181,71.69,94,0,4.61
536,Letka,RU,2021-06-13 20:30:01,59.6011,49.4232,58.46,97,39,5.32
537,Fortuna,US,2021-06-13 20:25:39,40.5982,-124.1573,80.47,66,90,1.01
538,Petrokamenskoye,RU,2021-06-13 20:30:02,57.716,60.6484,58.23,66,19,5.82
539,Sao Felix Do Xingu,BR,2021-06-13 20:28:12,-6.6447,-51.995,88.75,45,20,3.69
540,Kismayo,SO,2021-06-13 20:30:02,-0.3582,42.5454,77.43,80,100,15.57
